<?xml version="1.0" encoding="UTF-8"?>
<inputControl exportedWithPermissions="true">
    <folder>/datatypes</folder>
    <name>paCedula</name>
    <version>0</version>
    <label>paCedula</label>
    <description>Busqueda por cédula de cliente o usuario</description>
    <creationDate>2023-08-17T22:46:14.000Z</creationDate>
    <updateDate>2023-07-19T21:45:29.000Z</updateDate>
    <type>2</type>
    <mandatory>false</mandatory>
    <readOnly>false</readOnly>
    <visible>false</visible>
    <dataType>
        <localResource
            xmlns:xsi="http://www.w3.org/2001/XMLSchema-instance"
            exportedWithPermissions="false" xsi:type="dataType">
            <folder>/datatypes/paCedula_files</folder>
            <name>paCedula</name>
            <version>0</version>
            <label>paCedula</label>
            <description>Busqueda por cédula de cliente o usuario</description>
            <creationDate>2023-08-17T22:46:14.000Z</creationDate>
            <updateDate>2015-04-18T16:55:48.000Z</updateDate>
            <type>1</type>
            <regularExpr></regularExpr>
            <strictMin>false</strictMin>
            <strictMax>false</strictMax>
        </localResource>
    </dataType>
</inputControl>
