<?xml version="1.0" encoding="UTF-8"?>
<jdbcDataSource exportedWithPermissions="true">
    <folder>/datasources</folder>
    <name>gaboTest</name>
    <version>3</version>
    <label>GaboProduccion</label>
    <description>Conexión del servidor de gabo solo consulta .</description>
    <creationDate>2023-08-17T22:46:14.000Z</creationDate>
    <updateDate>2024-09-13T16:39:59.000Z</updateDate>
    <driver>org.mariadb.jdbc.Driver</driver>
    <connectionUrl>jdbc:mysql://gabo.com:3306/gabo_app_produ?tinyInt1isBit=false</connectionUrl>
    <connectionUser>gabo_reportes</connectionUser>
    <connectionPassword>ENC&lt;4A5253495600000010231C5A554F9BC286C89E4930C7287DAE55BDFCB6938B1999ADA46F874482DF6332437D0779C73431098B0EE2E9523CE7&gt;</connectionPassword>
    <timezone></timezone>
</jdbcDataSource>
