<?xml version="1.0" encoding="UTF-8"?>
<jdbcDataSource exportedWithPermissions="true"><folder>/datasources</folder><name>prueba</name><version>7</version><label>GaboTest</label><description>Prueba de conexión a la base de datos utilizando la base de datos de prueba que esta local en el equipo dell</description><creationDate>2015-03-27T16:45:17.093-06:00</creationDate><updateDate>2015-04-27T09:19:15.623-06:00</updateDate><permission><permissionMask>2</permissionMask><recipient recipientType="role">ROLE_USER</recipient></permission><permission><permissionMask>32</permissionMask><recipient recipientType="user">avanzado</recipient></permission><driver>org.mariadb.jdbc.Driver</driver><connectionUrl>jdbc:mysql://localhost:3306/garotas_bonitas_main_db</connectionUrl><connectionUser>consulta</connectionUser><connectionPassword>ENC&lt;B759798219274BB05A71D34898A64A31&gt;</connectionPassword><timezone></timezone></jdbcDataSource>