<?xml version="1.0" encoding="UTF-8"?>
<export><property name="keyalias" value="9d2a140c-8c9b-4210-8b60-afd578c59281"/><module id="tenants"><organization>organizations</organization></module><module id="authority"><user>gabo_vista_reportes</user><role>EXTERNAL_TEST_ROLE_1</role><role>EXTERNAL_TEST_ROLE_2</role><role>ROLE_ADMINISTRATOR</role><role>ROLE_ANONYMOUS</role><role>ROLE_USER</role></module><module id="repositoryResources"><folder>/</folder></module><module id="reportJobs"/><module id="favorites"/><property name="pathProcessorId" value="zip"/><property name="rootTenantId" value="organizations"/><property name="jsVersion" value="8.1.0 CE"/><property name="encrypted" value="4A52534956000000108410B57F37858833DDF9469E9F35BC8A715F96C800540F89E19C93753E8DA1C8"/></export>