<?xml version="1.0" encoding="UTF-8"?>
<inputControl exportedWithPermissions="true"><folder>/datatypes</folder><name>paCantidadF</name><version>0</version><label>paCantidadF</label><description></description><creationDate>2015-04-29T19:49:26.987-06:00</creationDate><updateDate>2015-04-29T19:49:26.987-06:00</updateDate><type>2</type><mandatory>false</mandatory><readOnly>false</readOnly><visible>false</visible><dataType><localResource xmlns:xsi="http://www.w3.org/2001/XMLSchema-instance" exportedWithPermissions="false" xsi:type="dataType"><folder>/datatypes/paCantidadF_files</folder><name>paCantidadF</name><version>0</version><label>paCantidadF</label><description></description><creationDate>2015-04-29T19:49:26.987-06:00</creationDate><updateDate>2015-04-29T19:49:26.987-06:00</updateDate><type>1</type><regularExpr></regularExpr><strictMin>false</strictMin><strictMax>false</strictMax></localResource></dataType></inputControl>