<?xml version="1.0" encoding="UTF-8"?>
<inputControl exportedWithPermissions="true"><folder>/datatypes</folder><name>paEstado</name><version>0</version><label>paEstado</label><description>Verifica el Estado en el que se Encuentra un Cliente</description><creationDate>2015-04-21T16:18:04.160-06:00</creationDate><updateDate>2015-04-21T16:18:04.160-06:00</updateDate><type>2</type><mandatory>false</mandatory><readOnly>false</readOnly><visible>false</visible><dataType><localResource xmlns:xsi="http://www.w3.org/2001/XMLSchema-instance" exportedWithPermissions="false" xsi:type="dataType"><folder>/datatypes/paEstado_files</folder><name>paEstado</name><version>0</version><label>paEstado</label><description>Verifica el Estado en el que se Encuentra un Cliente</description><creationDate>2015-04-21T16:18:04.160-06:00</creationDate><updateDate>2015-04-21T16:18:04.160-06:00</updateDate><type>1</type><regularExpr></regularExpr><strictMin>false</strictMin><strictMax>false</strictMax></localResource></dataType></inputControl>