<?xml version="1.0" encoding="UTF-8"?>
<inputControl exportedWithPermissions="true"><folder>/datatypes</folder><name>paEstadoProforma</name><version>0</version><label>paEstadoProforma</label><description>Verifica el estado de la proforma</description><creationDate>2015-04-21T15:42:08.855-06:00</creationDate><updateDate>2015-04-21T15:42:08.855-06:00</updateDate><type>2</type><mandatory>false</mandatory><readOnly>false</readOnly><visible>false</visible><dataType><localResource xmlns:xsi="http://www.w3.org/2001/XMLSchema-instance" exportedWithPermissions="false" xsi:type="dataType"><folder>/datatypes/paEstadoProforma_files</folder><name>paEstadoProforma</name><version>0</version><label>paEstadoProforma</label><description>Verifica el estado en que se  encuentra la proforma</description><creationDate>2015-04-21T15:42:08.855-06:00</creationDate><updateDate>2015-04-21T15:42:08.855-06:00</updateDate><type>1</type><regularExpr></regularExpr><strictMin>false</strictMin><strictMax>false</strictMax></localResource></dataType></inputControl>