<?xml version="1.0" encoding="UTF-8"?>
<inputControl exportedWithPermissions="true"><folder>/datatypes</folder><name>paEstadoFactura</name><version>0</version><label>paEstadoFactura</label><description>Obtendra todas las facturas que cumplan el estado que ah sido enviado por el usuario</description><creationDate>2015-04-15T13:26:10.332-06:00</creationDate><updateDate>2015-04-15T13:26:10.332-06:00</updateDate><type>2</type><mandatory>false</mandatory><readOnly>false</readOnly><visible>false</visible><dataType><localResource xmlns:xsi="http://www.w3.org/2001/XMLSchema-instance" exportedWithPermissions="false" xsi:type="dataType"><folder>/datatypes/paEstadoFactura_files</folder><name>paEstadoFactura</name><version>0</version><label>paEstadoFactura</label><description>Obtendra todas las facturas que cumplan el estado que ah sido enviado por el usuario</description><creationDate>2015-04-15T13:26:10.332-06:00</creationDate><updateDate>2015-04-15T13:26:10.332-06:00</updateDate><type>1</type><regularExpr></regularExpr><strictMin>false</strictMin><strictMax>false</strictMax></localResource></dataType></inputControl>