<?xml version="1.0" encoding="UTF-8"?>
<inputControl exportedWithPermissions="true"><folder>/datatypes</folder><name>paFamilia</name><version>0</version><label>paFamilia</label><description>verificar si se va a utilizar una familia</description><creationDate>2015-04-27T10:52:55.917-06:00</creationDate><updateDate>2015-04-27T10:52:55.917-06:00</updateDate><type>2</type><mandatory>false</mandatory><readOnly>false</readOnly><visible>false</visible><dataType><localResource xmlns:xsi="http://www.w3.org/2001/XMLSchema-instance" exportedWithPermissions="false" xsi:type="dataType"><folder>/datatypes/paFamilia_files</folder><name>paFamilia</name><version>0</version><label>paFamilia</label><description>verificar si se va a utilizar una familia</description><creationDate>2015-04-27T10:52:55.917-06:00</creationDate><updateDate>2015-04-27T10:52:55.917-06:00</updateDate><type>1</type><regularExpr></regularExpr><strictMin>false</strictMin><strictMax>false</strictMax></localResource></dataType></inputControl>