<?xml version="1.0" encoding="UTF-8"?>
<inputControl exportedWithPermissions="true"><folder>/datatypes</folder><name>paFechaF</name><version>0</version><label>paFechaF</label><description>Obtiene la fecha Final, se filtrara el reporte obteniendo la información hasta esta fecha</description><creationDate>2015-04-15T10:24:36.621-06:00</creationDate><updateDate>2015-04-15T10:24:36.621-06:00</updateDate><type>2</type><mandatory>false</mandatory><readOnly>false</readOnly><visible>false</visible><dataType><localResource xmlns:xsi="http://www.w3.org/2001/XMLSchema-instance" exportedWithPermissions="false" xsi:type="dataType"><folder>/datatypes/paFechaF_files</folder><name>paFechaF</name><version>0</version><label>paFechaF</label><description>Obtiene la fecha Final, se filtrara el reporte obteniendo la información hasta esta fecha</description><creationDate>2015-04-15T10:24:36.621-06:00</creationDate><updateDate>2015-04-15T10:24:36.621-06:00</updateDate><type>1</type><regularExpr></regularExpr><strictMin>false</strictMin><strictMax>false</strictMax></localResource></dataType></inputControl>