<?xml version="1.0" encoding="UTF-8"?>
<inputControl exportedWithPermissions="true"><folder>/datatypes</folder><name>paFechaI</name><version>0</version><label>paFechaI</label><description>Obtiene la fecha Inicial, se filtrara el reporte obteniendo la información a partir de esta fecha</description><creationDate>2015-04-15T10:23:38.620-06:00</creationDate><updateDate>2015-04-15T10:23:38.620-06:00</updateDate><type>2</type><mandatory>false</mandatory><readOnly>false</readOnly><visible>false</visible><dataType><localResource xmlns:xsi="http://www.w3.org/2001/XMLSchema-instance" exportedWithPermissions="false" xsi:type="dataType"><folder>/datatypes/paFechaI_files</folder><name>paFechaI</name><version>0</version><label>paFechaI</label><description>Obtiene la fecha Inicial, se filtrara el reporte obteniendo la información a partir de esta fecha</description><creationDate>2015-04-15T10:23:38.620-06:00</creationDate><updateDate>2015-04-15T10:23:38.620-06:00</updateDate><type>1</type><regularExpr></regularExpr><strictMin>false</strictMin><strictMax>false</strictMax></localResource></dataType></inputControl>