<?xml version="1.0" encoding="UTF-8"?>
<inputControl exportedWithPermissions="true"><folder>/datatypes</folder><name>paMontoI</name><version>0</version><label>paMontoI</label><description>Monto  con el que se comparara</description><creationDate>2015-04-18T10:58:03.559-06:00</creationDate><updateDate>2015-04-18T10:58:03.559-06:00</updateDate><type>2</type><mandatory>false</mandatory><readOnly>false</readOnly><visible>false</visible><dataType><localResource xmlns:xsi="http://www.w3.org/2001/XMLSchema-instance" exportedWithPermissions="false" xsi:type="dataType"><folder>/datatypes/paMontoI_files</folder><name>paMontoI</name><version>0</version><label>paMontoI</label><description>Monto  con el que se comparara</description><creationDate>2015-04-18T10:58:03.559-06:00</creationDate><updateDate>2015-04-18T10:58:03.559-06:00</updateDate><type>1</type><regularExpr></regularExpr><strictMin>false</strictMin><strictMax>false</strictMax></localResource></dataType></inputControl>