<?xml version="1.0" encoding="UTF-8"?>
<inputControl exportedWithPermissions="true"><folder>/datatypes</folder><name>paRango</name><version>0</version><label>paRango</label><description>Verifica el tipo de rango que se puede utilizar, mayor que, menor que, o entre dos rangos </description><creationDate>2015-04-18T10:57:02.624-06:00</creationDate><updateDate>2015-04-18T10:57:02.624-06:00</updateDate><type>2</type><mandatory>false</mandatory><readOnly>false</readOnly><visible>false</visible><dataType><localResource xmlns:xsi="http://www.w3.org/2001/XMLSchema-instance" exportedWithPermissions="false" xsi:type="dataType"><folder>/datatypes/paRango_files</folder><name>paRango</name><version>0</version><label>paRango</label><description>Verifica el tipo de rango que se puede utilizar, mayor que, menor que, o entre dos rangos </description><creationDate>2015-04-18T10:57:02.624-06:00</creationDate><updateDate>2015-04-18T10:57:02.624-06:00</updateDate><type>1</type><regularExpr></regularExpr><strictMin>false</strictMin><strictMax>false</strictMax></localResource></dataType></inputControl>